{"cameraMode":{"drawMode":0,"name":"Shaded","section":"Shading Mode"},"sceneLighting":false,"audioPlay":false,"sceneViewState":{"showFog":true,"showMaterialUpdate":false,"showSkybox":false,"showFlares":true,"showImageEffects":true,"showParticleSystems":true,"showVisualEffectGraphs":true,"m_FxEnabled":true},"in2DMode":false,"pivot":{"x":0.3926321268081665,"y":1.1259093284606934,"z":0.45773816108703616},"rotation":{"x":-0.19737006723880769,"y":0.22615058720111848,"z":-0.04693435877561569,"w":-0.9526414275169373},"size":1.8519914150238038,"orthographic":false}